Property Name,date,price
Albany Room,2024-12-10,61000
Amani Room,2024-12-10,33200
Amani Premium Room,2024-12-10,33200
Amani Premium Room,2024-12-11,33200
Amani Premium Room,2024-12-12,33300
Amani Premium Room,2024-12-13,36600
Albany Room,2024-12-14,73300
Amani Premium Room,2024-12-14,44500
Airyland Room,2024-12-15,119700
Airyland Room,2024-12-15,102700
Airyland Room,2024-12-15,85600
Albany Room,2024-12-15,76300
Amani Room,2024-12-15,46400
Amani Premium Room,2024-12-15,46400
Airyland Room,2024-12-16,93500
Airyland Room,2024-12-16,80200
Airyland Room,2024-12-16,66900
Albany Room,2024-12-16,60200
Amani Room,2024-12-16,36600
Amani Premium Room,2024-12-16,36600
Airyland Room,2024-12-17,84300
Airyland Room,2024-12-17,72300
Albany Room,2024-12-17,61000
Airyland Room,2024-12-17,60300
Amani Room,2024-12-17,33300
Amani Premium Room,2024-12-17,33300
Airyland Room,2024-12-18,84300
Airyland Room,2024-12-18,72300
Airyland Room,2024-12-18,60300
Amani Room,2024-12-18,33300
Amani Premium Room,2024-12-18,33300
Airyland Room,2024-12-19,84300
Airyland Room,2024-12-19,72300
Airyland Room,2024-12-19,60300
Amani Room,2024-12-19,33300
Amani Premium Room,2024-12-19,33300
Airyland Room,2024-12-20,118200
Airyland Room,2024-12-20,118200
Airyland Room,2024-12-20,118200
Amani Room,2024-12-20,40500
Amani Premium Room,2024-12-20,40500
Airyland Room,2024-12-21,126000
Airyland Room,2024-12-21,126000
Airyland Room,2024-12-21,126000
Amani Room,2024-12-21,43200
Amani Premium Room,2024-12-21,43200
Airyland Room,2024-12-22,112400
Airyland Room,2024-12-22,112400
Airyland Room,2024-12-22,112400
Albany Room,2024-12-22,77100
Amani Room,2024-12-22,38600
Amani Premium Room,2024-12-22,38600
Airyland Room,2024-12-23,105000
Airyland Room,2024-12-23,105000
Airyland Room,2024-12-23,105000
Albany Room,2024-12-23,72000
Amani Room,2024-12-23,36000
Amani Premium Room,2024-12-23,36000
Airyland Room,2024-12-24,105000
Airyland Room,2024-12-24,105000
Airyland Room,2024-12-24,105000
Amani Room,2024-12-24,36000
Amani Premium Room,2024-12-24,36000
Airyland Room,2024-12-25,119000
Airyland Room,2024-12-25,119000
Airyland Room,2024-12-25,119000
Amani Room,2024-12-25,40800
Amani Premium Room,2024-12-25,40800
Airyland Room,2024-12-26,112400
Airyland Room,2024-12-26,112400
Airyland Room,2024-12-26,112400
Airyland Room,2024-12-27,118200
Airyland Room,2024-12-27,118200
Airyland Room,2024-12-27,118200
Albany Room,2024-12-27,81000
Airyland Room,2024-12-28,126000
Airyland Room,2024-12-28,126000
Airyland Room,2024-12-28,126000
Airyland Room,2024-12-29,112400
Airyland Room,2024-12-29,112400
Airyland Room,2024-12-29,112400
Amani Room,2024-12-29,38600
Amani Premium Room,2024-12-29,38600
Airyland Room,2024-12-30,133000
Airyland Room,2024-12-30,133000
Airyland Room,2024-12-30,133000
Amani Room,2024-12-30,45600
Amani Premium Room,2024-12-30,45600
Airyland Room,2024-12-31,175000
Airyland Room,2024-12-31,175000
Airyland Room,2024-12-31,175000
Amani Premium Room,2024-12-31,60000
Amani Room,2024-12-31,60000
Airyland Room,2025-01-01,133000
Airyland Room,2025-01-01,133000
Airyland Room,2025-01-01,133000
Albany Room,2025-01-01,91200
Amani Room,2025-01-01,45600
Amani Premium Room,2025-01-01,45600
Airyland Room,2025-01-02,112400
Airyland Room,2025-01-02,112400
Airyland Room,2025-01-02,112400
Albany Room,2025-01-02,77100
Amani Room,2025-01-02,38600
Amani Premium Room,2025-01-02,38600
Airyland Room,2025-01-03,118200
Airyland Room,2025-01-03,118200
Airyland Room,2025-01-03,118200
Albany Room,2025-01-03,81000
Amani Room,2025-01-03,40500
Amani Premium Room,2025-01-03,40500
Airyland Room,2025-01-04,126000
Airyland Room,2025-01-04,126000
Airyland Room,2025-01-04,126000
Albany Room,2025-01-04,86400
Amani Premium Room,2025-01-04,43200
Amani Room,2025-01-04,43200
Airyland Room,2025-01-05,112400
Airyland Room,2025-01-05,112400
Airyland Room,2025-01-05,112400
Albany Room,2025-01-05,77100
Amani Room,2025-01-05,38600
Amani Premium Room,2025-01-05,38600
Airyland Room,2025-01-06,102900
Airyland Room,2025-01-06,88300
Airyland Room,2025-01-06,73500
Albany Room,2025-01-06,65900
Amani Room,2025-01-06,44600
Amani Premium Room,2025-01-06,44600
Airyland Room,2025-01-07,92900
Airyland Room,2025-01-07,79700
Airyland Room,2025-01-07,66400
Albany Room,2025-01-07,59900
Amani Room,2025-01-07,40500
Amani Premium Room,2025-01-07,40500
Airyland Room,2025-01-08,92900
Airyland Room,2025-01-08,79700
Airyland Room,2025-01-08,66400
Albany Room,2025-01-08,59900
Amani Premium Room,2025-01-08,40500
Amani Room,2025-01-08,40500
Airyland Room,2025-01-09,92900
Airyland Room,2025-01-09,79700
Airyland Room,2025-01-09,66400
Albany Room,2025-01-09,59900
Amani Room,2025-01-09,36300
Amani Premium Room,2025-01-09,36300
Airyland Room,2025-01-10,103000
Airyland Room,2025-01-10,88400
Airyland Room,2025-01-10,73600
Albany Room,2025-01-10,65900
Amani Room,2025-01-10,40100
Amani Premium Room,2025-01-10,40100
Airyland Room,2025-01-11,126300
Airyland Room,2025-01-11,108300
Airyland Room,2025-01-11,90200
Albany Room,2025-01-11,80300
Amani Room,2025-01-11,48800
Amani Premium Room,2025-01-11,48800
Airyland Room,2025-01-12,132200
Airyland Room,2025-01-12,113300
Airyland Room,2025-01-12,94400
Albany Room,2025-01-12,83500
Amani Room,2025-01-12,50800
Amani Premium Room,2025-01-12,50800
Airyland Room,2025-01-13,103000
Airyland Room,2025-01-13,88400
Airyland Room,2025-01-13,73600
Albany Room,2025-01-13,65900
Amani Room,2025-01-13,40100
Amani Premium Room,2025-01-13,40100
Airyland Room,2025-01-14,92900
Airyland Room,2025-01-14,79700
Airyland Room,2025-01-14,66400
Albany Room,2025-01-14,59900
Amani Room,2025-01-14,36300
Amani Premium Room,2025-01-14,36300
Airyland Room,2025-01-15,92900
Airyland Room,2025-01-15,79700
Airyland Room,2025-01-15,66400
Albany Room,2025-01-15,50000
Amani Room,2025-01-15,33000
Amani Premium Room,2025-01-15,33000
Airyland Room,2025-01-16,92900
Airyland Room,2025-01-16,79700
Airyland Room,2025-01-16,66400
Albany Room,2025-01-16,50000
Amani Room,2025-01-16,33000
Amani Premium Room,2025-01-16,33000
Airyland Room,2025-01-17,103000
Airyland Room,2025-01-17,88400
Airyland Room,2025-01-17,73600
Albany Room,2025-01-17,55000
Amani Room,2025-01-17,33400
Amani Premium Room,2025-01-17,33400
Airyland Room,2025-01-18,126500
Airyland Room,2025-01-18,108500
Airyland Room,2025-01-18,90500
Albany Room,2025-01-18,66900
Amani Room,2025-01-18,40600
Amani Premium Room,2025-01-18,40600
Airyland Room,2025-01-19,132200
Airyland Room,2025-01-19,113300
Airyland Room,2025-01-19,94400
Albany Room,2025-01-19,69800
Amani Room,2025-01-19,42400
Amani Premium Room,2025-01-19,42400
Airyland Room,2025-01-20,103400
Airyland Room,2025-01-20,88700
Airyland Room,2025-01-20,74000
Albany Room,2025-01-20,55000
Amani Room,2025-01-20,33500
Amani Premium Room,2025-01-20,33500
Airyland Room,2025-01-21,92900
Airyland Room,2025-01-21,79700
Airyland Room,2025-01-21,66400
Albany Room,2025-01-21,50000
Amani Room,2025-01-21,33000
Amani Premium Room,2025-01-21,33000
Airyland Room,2025-01-22,92900
Airyland Room,2025-01-22,79700
Airyland Room,2025-01-22,66400
Albany Room,2025-01-22,50000
Amani Room,2025-01-22,33000
Amani Premium Room,2025-01-22,33000
Airyland Room,2025-01-23,92900
Airyland Room,2025-01-23,79700
Airyland Room,2025-01-23,66400
Amani Room,2025-01-23,33000
Amani Premium Room,2025-01-23,33000
Airyland Room,2025-01-24,113800
Airyland Room,2025-01-24,113800
Airyland Room,2025-01-24,113800
Amani Room,2025-01-24,37300
Amani Premium Room,2025-01-24,37300
Airyland Room,2025-01-25,139200
Airyland Room,2025-01-25,139200
Airyland Room,2025-01-25,139200
Amani Room,2025-01-25,40600
Amani Premium Room,2025-01-25,40600
Airyland Room,2025-01-26,145500
Airyland Room,2025-01-26,145500
Airyland Room,2025-01-26,145500
Amani Room,2025-01-26,56600
Amani Premium Room,2025-01-26,56600
Airyland Room,2025-01-27,113800
Airyland Room,2025-01-27,97600
Airyland Room,2025-01-27,81300
Albany Room,2025-01-27,55000
Amani Premium Room,2025-01-27,44600
Amani Room,2025-01-27,44600
Airyland Room,2025-01-28,102300
Airyland Room,2025-01-28,87800
Airyland Room,2025-01-28,73200
Albany Room,2025-01-28,50100
Amani Premium Room,2025-01-28,40500
Amani Room,2025-01-28,40500
Airyland Room,2025-01-29,102300
Airyland Room,2025-01-29,87800
Airyland Room,2025-01-29,73200
Albany Room,2025-01-29,50100
Amani Room,2025-01-29,33000
Amani Premium Room,2025-01-29,33000
Airyland Room,2025-01-30,102300
Airyland Room,2025-01-30,87800
Airyland Room,2025-01-30,73200
Amani Room,2025-01-30,33000
Amani Premium Room,2025-01-30,33000
Airyland Room,2025-01-31,113800
Airyland Room,2025-01-31,97600
Airyland Room,2025-01-31,81300
Amani Room,2025-01-31,33600
Amani Premium Room,2025-01-31,33600
Airyland Room,2025-02-01,139400
Airyland Room,2025-02-01,119500
Airyland Room,2025-02-01,99600
Amani Room,2025-02-01,40700
Amani Premium Room,2025-02-01,40700
Airyland Room,2025-02-02,145900
Airyland Room,2025-02-02,125100
Airyland Room,2025-02-02,104300
Albany Room,2025-02-02,69900
Amani Room,2025-02-02,42500
Amani Premium Room,2025-02-02,42500
Airyland Room,2025-02-03,113800
Airyland Room,2025-02-03,97600
Airyland Room,2025-02-03,81300
Albany Room,2025-02-03,55200
Amani Room,2025-02-03,33600
Amani Premium Room,2025-02-03,33600
Airyland Room,2025-02-04,102500
Airyland Room,2025-02-04,87800
Airyland Room,2025-02-04,73200
Albany Room,2025-02-04,50100
Amani Room,2025-02-04,33000
Amani Premium Room,2025-02-04,33000
Airyland Room,2025-02-05,102500
Airyland Room,2025-02-05,87800
Airyland Room,2025-02-05,73200
Albany Room,2025-02-05,50100
Amani Room,2025-02-05,33000
Amani Premium Room,2025-02-05,33000
Airyland Room,2025-02-06,102500
Airyland Room,2025-02-06,87800
Airyland Room,2025-02-06,73200
Albany Room,2025-02-06,50100
Amani Room,2025-02-06,33000
Amani Premium Room,2025-02-06,33000
Airyland Room,2025-02-07,113800
Airyland Room,2025-02-07,97600
Airyland Room,2025-02-07,81300
Albany Room,2025-02-07,55200
Amani Room,2025-02-07,33600
Amani Premium Room,2025-02-07,33600
Airyland Room,2025-02-08,139400
Airyland Room,2025-02-08,119500
Airyland Room,2025-02-08,99600
Albany Room,2025-02-08,67100
Amani Room,2025-02-08,40700
Amani Premium Room,2025-02-08,40700
Airyland Room,2025-02-09,146000
Airyland Room,2025-02-09,125200
Airyland Room,2025-02-09,104300
Albany Room,2025-02-09,69900
Amani Room,2025-02-09,42500
Amani Premium Room,2025-02-09,42500
Airyland Room,2025-02-10,113900
Airyland Room,2025-02-10,97700
Airyland Room,2025-02-10,81400
Albany Room,2025-02-10,55200
Amani Room,2025-02-10,33600
Amani Premium Room,2025-02-10,33600
Airyland Room,2025-02-11,102500
Airyland Room,2025-02-11,87800
Airyland Room,2025-02-11,73200
Albany Room,2025-02-11,50100
Amani Room,2025-02-11,33000
Amani Premium Room,2025-02-11,33000
Airyland Room,2025-02-12,102500
Airyland Room,2025-02-12,87800
Airyland Room,2025-02-12,73200
Albany Room,2025-02-12,50100
Amani Room,2025-02-12,33000
Amani Premium Room,2025-02-12,33000
Airyland Room,2025-02-13,102500
Airyland Room,2025-02-13,87800
Airyland Room,2025-02-13,73200
Albany Room,2025-02-13,50200
Amani Room,2025-02-13,33000
Amani Premium Room,2025-02-13,33000
Airyland Room,2025-02-14,113900
Airyland Room,2025-02-14,97700
Airyland Room,2025-02-14,81400
Albany Room,2025-02-14,55200
Amani Room,2025-02-14,33600
Amani Premium Room,2025-02-14,33600
Airyland Room,2025-02-15,152300
Airyland Room,2025-02-15,130600
Airyland Room,2025-02-15,108800
Albany Room,2025-02-15,72900
Amani Room,2025-02-15,44300
Amani Premium Room,2025-02-15,44300
Airyland Room,2025-02-16,159200
Airyland Room,2025-02-16,136600
Airyland Room,2025-02-16,113800
Albany Room,2025-02-16,75900
Amani Room,2025-02-16,46100
Amani Premium Room,2025-02-16,46100
Airyland Room,2025-02-17,124200
Airyland Room,2025-02-17,106500
Airyland Room,2025-02-17,88800
Albany Room,2025-02-17,59900
Amani Room,2025-02-17,36300
Amani Premium Room,2025-02-17,36300
Airyland Room,2025-02-18,112000
Airyland Room,2025-02-18,96100
Airyland Room,2025-02-18,80100
Albany Room,2025-02-18,54300
Amani Room,2025-02-18,33000
Amani Premium Room,2025-02-18,33000
Airyland Room,2025-02-19,112000
Airyland Room,2025-02-19,96100
Airyland Room,2025-02-19,80100
Albany Room,2025-02-19,54300
Amani Room,2025-02-19,33000
Amani Premium Room,2025-02-19,33000
Airyland Room,2025-02-20,112000
Airyland Room,2025-02-20,96100
Airyland Room,2025-02-20,80100
Albany Room,2025-02-20,54300
Amani Room,2025-02-20,33000
Amani Premium Room,2025-02-20,33000
Airyland Room,2025-02-21,124600
Airyland Room,2025-02-21,106900
Airyland Room,2025-02-21,89000
Albany Room,2025-02-21,59900
Amani Room,2025-02-21,36300
Amani Premium Room,2025-02-21,36300
Airyland Room,2025-02-22,152400
Airyland Room,2025-02-22,130700
Airyland Room,2025-02-22,108900
Albany Room,2025-02-22,73000
Amani Room,2025-02-22,44300
Amani Premium Room,2025-02-22,44300
Airyland Room,2025-02-23,159300
Airyland Room,2025-02-23,136700
Airyland Room,2025-02-23,113900
Albany Room,2025-02-23,76100
Amani Room,2025-02-23,46100
Amani Premium Room,2025-02-23,46100
Airyland Room,2025-02-24,124600
Airyland Room,2025-02-24,106900
Airyland Room,2025-02-24,89000
Albany Room,2025-02-24,59900
Amani Room,2025-02-24,36300
Amani Premium Room,2025-02-24,36300
Airyland Room,2025-02-25,112100
Airyland Room,2025-02-25,96200
Airyland Room,2025-02-25,80100
Albany Room,2025-02-25,54400
Amani Room,2025-02-25,33000
Amani Premium Room,2025-02-25,33000
Airyland Room,2025-02-26,112100
Airyland Room,2025-02-26,96200
Airyland Room,2025-02-26,80100
Albany Room,2025-02-26,54400
Amani Room,2025-02-26,33000
Amani Premium Room,2025-02-26,33000
Airyland Room,2025-02-27,112100
Airyland Room,2025-02-27,96200
Airyland Room,2025-02-27,80100
Albany Room,2025-02-27,54400
Amani Room,2025-02-27,33000
Amani Premium Room,2025-02-27,33000
Airyland Room,2025-02-28,124600
Airyland Room,2025-02-28,106900
Airyland Room,2025-02-28,89000
Albany Room,2025-02-28,59900
Amani Room,2025-02-28,36300
Amani Premium Room,2025-02-28,36300
Airyland Room,2025-03-01,127100
Airyland Room,2025-03-01,108900
Airyland Room,2025-03-01,90800
Albany Room,2025-03-01,67300
Amani Room,2025-03-01,40900
Amani Premium Room,2025-03-01,40900
Airyland Room,2025-03-02,132800
Airyland Room,2025-03-02,113900
Airyland Room,2025-03-02,95000
Albany Room,2025-03-02,70100
Amani Room,2025-03-02,42600
Amani Premium Room,2025-03-02,42600
Airyland Room,2025-03-03,103900
Airyland Room,2025-03-03,89100
Airyland Room,2025-03-03,74300
Albany Room,2025-03-03,55400
Amani Room,2025-03-03,33600
Amani Premium Room,2025-03-03,33600
Airyland Room,2025-03-04,93500
Airyland Room,2025-03-04,80200
Airyland Room,2025-03-04,66900
Albany Room,2025-03-04,50300
Amani Room,2025-03-04,33000
Amani Premium Room,2025-03-04,33000
Airyland Room,2025-03-05,93500
Airyland Room,2025-03-05,80200
Airyland Room,2025-03-05,66900
Albany Room,2025-03-05,50300
Amani Room,2025-03-05,33000
Amani Premium Room,2025-03-05,33000
Airyland Room,2025-03-06,93500
Airyland Room,2025-03-06,80200
Airyland Room,2025-03-06,66900
Albany Room,2025-03-06,50300
Amani Room,2025-03-06,33000
Amani Premium Room,2025-03-06,33000
Airyland Room,2025-03-07,103900
Airyland Room,2025-03-07,89100
Airyland Room,2025-03-07,74300
Albany Room,2025-03-07,55400
Amani Room,2025-03-07,33600
Amani Premium Room,2025-03-07,33600
Albany Room,2025-03-08,67400
Amani Room,2025-03-08,40900
Amani Premium Room,2025-03-08,40900
Albany Room,2025-03-09,70100
Amani Room,2025-03-09,42600
Amani Premium Room,2025-03-09,42600
Airyland Room,2025-03-10,104000
Airyland Room,2025-03-10,89100
Airyland Room,2025-03-10,74300
Albany Room,2025-03-10,55400
Amani Room,2025-03-10,33600
Amani Premium Room,2025-03-10,33600
Airyland Room,2025-03-11,93700
Airyland Room,2025-03-11,80300
Airyland Room,2025-03-11,66900
Albany Room,2025-03-11,50300
Amani Room,2025-03-11,33000
Amani Premium Room,2025-03-11,33000
Airyland Room,2025-03-12,93700
Airyland Room,2025-03-12,80300
Airyland Room,2025-03-12,66900
Albany Room,2025-03-12,50300
Amani Room,2025-03-12,33000
Amani Premium Room,2025-03-12,33000
Airyland Room,2025-03-13,93700
Airyland Room,2025-03-13,80300
Airyland Room,2025-03-13,66900
Albany Room,2025-03-13,50300
Amani Room,2025-03-13,33000
Amani Premium Room,2025-03-13,33000
Airyland Room,2025-03-14,104000
Airyland Room,2025-03-14,104000
Airyland Room,2025-03-14,104000
Albany Room,2025-03-14,55400
Amani Room,2025-03-14,33600
Amani Premium Room,2025-03-14,33600
Airyland Room,2025-03-15,127500
Airyland Room,2025-03-15,127500
Airyland Room,2025-03-15,127500
Albany Room,2025-03-15,67400
Amani Room,2025-03-15,41000
Amani Premium Room,2025-03-15,41000
Airyland Room,2025-03-16,133300
Airyland Room,2025-03-16,133300
Airyland Room,2025-03-16,133300
Albany Room,2025-03-16,70200
Amani Room,2025-03-16,42600
Amani Premium Room,2025-03-16,42600
Airyland Room,2025-03-17,104000
Airyland Room,2025-03-17,89100
Airyland Room,2025-03-17,74300
Albany Room,2025-03-17,55400
Amani Room,2025-03-17,33600
Amani Premium Room,2025-03-17,33600
Airyland Room,2025-03-18,93700
Airyland Room,2025-03-18,80300
Airyland Room,2025-03-18,66900
Albany Room,2025-03-18,50300
Amani Room,2025-03-18,33000
Amani Premium Room,2025-03-18,33000
Airyland Room,2025-03-19,93800
Airyland Room,2025-03-19,80500
Airyland Room,2025-03-19,67000
Albany Room,2025-03-19,50300
Amani Room,2025-03-19,33000
Amani Premium Room,2025-03-19,33000
Airyland Room,2025-03-20,93800
Airyland Room,2025-03-20,80500
Airyland Room,2025-03-20,67000
Albany Room,2025-03-20,50400
Amani Premium Room,2025-03-20,33000
Amani Room,2025-03-20,33000
Airyland Room,2025-03-21,104000
Airyland Room,2025-03-21,89100
Airyland Room,2025-03-21,74300
Albany Room,2025-03-21,55500
Amani Room,2025-03-21,33700
Amani Premium Room,2025-03-21,33700
Airyland Room,2025-03-22,127500
Airyland Room,2025-03-22,109400
Airyland Room,2025-03-22,91100
Albany Room,2025-03-22,67500
Amani Room,2025-03-22,41000
Amani Premium Room,2025-03-22,41000
Airyland Room,2025-03-23,133500
Airyland Room,2025-03-23,114400
Airyland Room,2025-03-23,95400
Albany Room,2025-03-23,70200
Amani Room,2025-03-23,42700
Amani Premium Room,2025-03-23,42700
Airyland Room,2025-03-24,104000
Airyland Room,2025-03-24,89100
Airyland Room,2025-03-24,74300
Albany Room,2025-03-24,55500
Amani Room,2025-03-24,33700
Amani Premium Room,2025-03-24,33700
Airyland Room,2025-03-25,93800
Airyland Room,2025-03-25,80500
Airyland Room,2025-03-25,67000
Albany Room,2025-03-25,50400
Amani Room,2025-03-25,33000
Amani Premium Room,2025-03-25,33000
Airyland Room,2025-03-26,93800
Airyland Room,2025-03-26,80500
Airyland Room,2025-03-26,67000
Albany Room,2025-03-26,50400
Amani Room,2025-03-26,33000
Amani Premium Room,2025-03-26,33000
Airyland Room,2025-03-27,93800
Airyland Room,2025-03-27,80500
Airyland Room,2025-03-27,67000
Albany Room,2025-03-27,50400
Amani Room,2025-03-27,33000
Amani Premium Room,2025-03-27,33000
Airyland Room,2025-03-28,104200
Airyland Room,2025-03-28,89400
Airyland Room,2025-03-28,74500
Albany Room,2025-03-28,55500
Amani Room,2025-03-28,33700
Amani Premium Room,2025-03-28,33700
Airyland Room,2025-03-29,127800
Airyland Room,2025-03-29,109600
Airyland Room,2025-03-29,91300
Albany Room,2025-03-29,67500
Amani Room,2025-03-29,41100
Amani Premium Room,2025-03-29,41100
Airyland Room,2025-03-30,133600
Airyland Room,2025-03-30,114600
Airyland Room,2025-03-30,95500
Albany Room,2025-03-30,70400
Amani Room,2025-03-30,42800
Amani Premium Room,2025-03-30,42800
Airyland Room,2025-03-31,104200
Airyland Room,2025-03-31,89400
Airyland Room,2025-03-31,74500
Albany Room,2025-03-31,55500
Amani Room,2025-03-31,33700
Amani Premium Room,2025-03-31,33700
Airyland Room,2025-04-01,93900
Airyland Room,2025-04-01,80600
Airyland Room,2025-04-01,67100
Albany Room,2025-04-01,50400
Amani Room,2025-04-01,33000
Amani Premium Room,2025-04-01,33000
Airyland Room,2025-04-02,93900
Airyland Room,2025-04-02,80600
Airyland Room,2025-04-02,67100
Amani Room,2025-04-02,33000
Amani Premium Room,2025-04-02,33000
Airyland Room,2025-04-03,93900
Airyland Room,2025-04-03,80600
Airyland Room,2025-04-03,67100
Amani Room,2025-04-03,33000
Amani Premium Room,2025-04-03,33000
Airyland Room,2025-04-04,104200
Airyland Room,2025-04-04,89400
Airyland Room,2025-04-04,74500
Amani Room,2025-04-04,37600
Amani Premium Room,2025-04-04,37600
Airyland Room,2025-04-05,127900
Airyland Room,2025-04-05,109600
Airyland Room,2025-04-05,91300
Amani Room,2025-04-05,41100
Amani Premium Room,2025-04-05,41100
Airyland Room,2025-04-06,133600
Airyland Room,2025-04-06,114600
Airyland Room,2025-04-06,95500
Albany Room,2025-04-06,70400
Amani Room,2025-04-06,42800
Amani Premium Room,2025-04-06,42800
Airyland Room,2025-04-07,104300
Airyland Room,2025-04-07,89500
Airyland Room,2025-04-07,74600
Albany Room,2025-04-07,55600
Amani Room,2025-04-07,33700
Amani Premium Room,2025-04-07,33700
Airyland Room,2025-04-08,93900
Airyland Room,2025-04-08,80600
Airyland Room,2025-04-08,67100
Albany Room,2025-04-08,50400
Amani Room,2025-04-08,33000
Amani Premium Room,2025-04-08,33000
Airyland Room,2025-04-09,93900
Airyland Room,2025-04-09,80600
Airyland Room,2025-04-09,67100
Albany Room,2025-04-09,50400
Amani Room,2025-04-09,33000
Amani Premium Room,2025-04-09,33000
Airyland Room,2025-04-10,93900
Airyland Room,2025-04-10,80600
Airyland Room,2025-04-10,67100
Albany Room,2025-04-10,50400
Amani Room,2025-04-10,33000
Amani Premium Room,2025-04-10,33000
Airyland Room,2025-04-11,104300
Airyland Room,2025-04-11,89500
Airyland Room,2025-04-11,74600
Albany Room,2025-04-11,55600
Amani Room,2025-04-11,33700
Amani Premium Room,2025-04-11,33700
Airyland Room,2025-04-12,127900
Airyland Room,2025-04-12,109600
Airyland Room,2025-04-12,91300
Albany Room,2025-04-12,67600
Amani Room,2025-04-12,41100
Amani Premium Room,2025-04-12,41100
Airyland Room,2025-04-13,133800
Airyland Room,2025-04-13,114800
Airyland Room,2025-04-13,95600
Albany Room,2025-04-13,70600
Amani Room,2025-04-13,42800
Amani Premium Room,2025-04-13,42800
Airyland Room,2025-04-14,104300
Airyland Room,2025-04-14,89500
Airyland Room,2025-04-14,74600
Albany Room,2025-04-14,55600
Amani Room,2025-04-14,33700
Amani Premium Room,2025-04-14,33700
Airyland Room,2025-04-15,93900
Airyland Room,2025-04-15,80600
Airyland Room,2025-04-15,67100
Albany Room,2025-04-15,50400
Amani Room,2025-04-15,33000
Amani Premium Room,2025-04-15,33000
Airyland Room,2025-04-16,93900
Airyland Room,2025-04-16,80600
Airyland Room,2025-04-16,67100
Albany Room,2025-04-16,50400
Amani Room,2025-04-16,33000
Amani Premium Room,2025-04-16,33000
Airyland Room,2025-04-17,93900
Airyland Room,2025-04-17,80600
Airyland Room,2025-04-17,67100
Albany Room,2025-04-17,50400
Amani Room,2025-04-17,33000
Amani Premium Room,2025-04-17,33000
Airyland Room,2025-04-18,104400
Airyland Room,2025-04-18,104400
Airyland Room,2025-04-18,104400
Albany Room,2025-04-18,55600
Amani Room,2025-04-18,33700
Amani Premium Room,2025-04-18,33700
Airyland Room,2025-04-19,127900
Airyland Room,2025-04-19,127900
Airyland Room,2025-04-19,127900
Albany Room,2025-04-19,67700
Amani Room,2025-04-19,41200
Amani Premium Room,2025-04-19,41200
Airyland Room,2025-04-20,133900
Airyland Room,2025-04-20,133900
Airyland Room,2025-04-20,133900
Albany Room,2025-04-20,70600
Amani Room,2025-04-20,42800
Amani Premium Room,2025-04-20,42800
Airyland Room,2025-04-21,104400
Airyland Room,2025-04-21,89600
Airyland Room,2025-04-21,74600
Airyland Room,2025-04-22,94300
Airyland Room,2025-04-22,80900
Airyland Room,2025-04-22,67500
Airyland Room,2025-04-23,94300
Airyland Room,2025-04-23,80900
Airyland Room,2025-04-23,67500
Airyland Room,2025-04-24,94300
Airyland Room,2025-04-24,80900
Airyland Room,2025-04-24,67500
Airyland Room,2025-04-25,104400
Airyland Room,2025-04-25,89600
Airyland Room,2025-04-25,74600
Airyland Room,2025-04-26,128200
Airyland Room,2025-04-26,109900
Airyland Room,2025-04-26,91700
Airyland Room,2025-04-27,133900
Airyland Room,2025-04-27,114900
Airyland Room,2025-04-27,95700
Airyland Room,2025-04-28,104500
Airyland Room,2025-04-28,89700
Airyland Room,2025-04-28,74700
Airyland Room,2025-04-29,94300
Airyland Room,2025-04-29,80900
Airyland Room,2025-04-29,67500
Airyland Room,2025-04-30,94300
Airyland Room,2025-04-30,80900
Airyland Room,2025-04-30,67500
Airyland Room,2025-05-01,111200
Airyland Room,2025-05-01,95400
Airyland Room,2025-05-01,79500
Airyland Room,2025-05-02,123600
Airyland Room,2025-05-02,106000
Airyland Room,2025-05-02,88300
Airyland Room,2025-05-03,151500
Airyland Room,2025-05-03,129900
Airyland Room,2025-05-03,108300
Airyland Room,2025-05-04,158400
Airyland Room,2025-05-04,135800
Airyland Room,2025-05-04,113200
Airyland Room,2025-05-05,123600
Airyland Room,2025-05-05,106000
Airyland Room,2025-05-05,88300
Airyland Room,2025-05-06,111200
Airyland Room,2025-05-06,95400
Airyland Room,2025-05-06,79500
Airyland Room,2025-05-07,111200
Airyland Room,2025-05-07,95400
Airyland Room,2025-05-07,79500
Airyland Room,2025-05-08,111200
Airyland Room,2025-05-08,95400
Airyland Room,2025-05-08,79500
Airyland Room,2025-05-09,123700
Airyland Room,2025-05-09,106100
Airyland Room,2025-05-09,88400
Airyland Room,2025-05-10,151500
Airyland Room,2025-05-10,129900
Airyland Room,2025-05-10,108300
Airyland Room,2025-05-11,158600
Airyland Room,2025-05-11,136000
Airyland Room,2025-05-11,113300
Airyland Room,2025-05-12,123700
Airyland Room,2025-05-12,106100
Airyland Room,2025-05-12,88400
Airyland Room,2025-05-13,111200
Airyland Room,2025-05-13,95400
Airyland Room,2025-05-13,79500
Airyland Room,2025-05-14,111200
Airyland Room,2025-05-14,95400
Airyland Room,2025-05-14,79500
Airyland Room,2025-05-15,111500
Airyland Room,2025-05-15,95600
Airyland Room,2025-05-15,79700
Airyland Room,2025-05-16,123800
Airyland Room,2025-05-16,106200
Airyland Room,2025-05-16,88500
Airyland Room,2025-05-17,151800
Airyland Room,2025-05-17,130200
Airyland Room,2025-05-17,108500
Airyland Room,2025-05-18,158800
Airyland Room,2025-05-18,136200
Airyland Room,2025-05-18,113500
Airyland Room,2025-05-19,123800
Airyland Room,2025-05-19,106200
Airyland Room,2025-05-19,88500
Airyland Room,2025-05-20,111500
Airyland Room,2025-05-20,95600
Airyland Room,2025-05-20,79700
Airyland Room,2025-05-21,111500
Airyland Room,2025-05-21,95600
Airyland Room,2025-05-21,79700
Airyland Room,2025-05-22,111500
Airyland Room,2025-05-22,95600
Airyland Room,2025-05-22,79700
Airyland Room,2025-05-23,123800
Airyland Room,2025-05-23,106200
Airyland Room,2025-05-23,88500
Airyland Room,2025-05-24,151900
Airyland Room,2025-05-24,130200
Airyland Room,2025-05-24,108500
Airyland Room,2025-05-25,158800
Airyland Room,2025-05-25,136200
Airyland Room,2025-05-25,113500
Airyland Room,2025-05-26,123800
Airyland Room,2025-05-26,106200
Airyland Room,2025-05-26,88500
Airyland Room,2025-05-27,111600
Airyland Room,2025-05-27,95700
Airyland Room,2025-05-27,79800
Airyland Room,2025-05-28,111600
Airyland Room,2025-05-28,95700
Airyland Room,2025-05-28,79800
Airyland Room,2025-05-29,111600
Airyland Room,2025-05-29,95700
Airyland Room,2025-05-29,79800
Airyland Room,2025-05-30,124100
Airyland Room,2025-05-30,106400
Airyland Room,2025-05-30,88700
Airyland Room,2025-05-31,152200
Airyland Room,2025-05-31,130500
Airyland Room,2025-05-31,108800
Airyland Room,2025-06-01,158900
Airyland Room,2025-06-01,136200
Airyland Room,2025-06-01,113500